customer_id,probability_of_churn,prediction_of_churn
5762-TJXGK,0.06348103926826491,0
2296-DKZFP,0.02863500983796814,0
9412-ARGBX,0.2570135690888124,0
6897-UUBNU,0.2960152171455027,0
1273-MTETI,0.7105973779758457,1
7471-MQPOS,0.03962785404724176,0
1322-AGOQM,0.019322289951132603,0
0743-HRVFF,0.06185778444054379,0
0943-ZQPXH,0.27627500723591025,0
4745-LSPLO,0.23092410667788468,0
3727-OVPRY,0.0074018525173745785,0
0224-HJAPT,0.31356516636168014,0
2439-LYPMQ,0.42314480170890617,0
5799-JRCZO,0.004085949073469299,0
0823-HSCDJ,0.04482405605978308,0
6308-CQRBU,0.10556088636152319,0
6968-MHOMU,0.02740686465429484,0
3518-PZXZQ,0.5505889999806578,1
4673-KKSLS,0.2614476009790268,0
0733-VUNUW,0.2437410011620943,0
3898-GUYTS,0.29616558472056737,0
9670-BPNXF,0.10492679447018168,0
5712-AHQNN,0.27565421332484336,0
4538-WNTMJ,0.016037776016024716,0
5134-IKDAY,0.6380457608415314,1
3229-USWAR,0.28567035073443053,0
8679-LZBMD,0.2573891698532638,0
1456-TWCGB,0.3404446175283331,0
1552-TKMXS,0.01774818421476854,0
3276-HDUEG,0.6678834910618234,1
0302-JOIVN,0.6223965473297216,1
2830-LEWOA,0.1342246327571352,0
8182-PNAGI,0.24492051069967094,0
8378-LKJAF,0.41100669170976195,0
1395-WSWXR,0.058742995545329996,0
3387-VATUS,0.7305210790326286,1
5748-RNCJT,0.16526469846016253,0
1635-FJFCC,0.4174845551832757,0
5188-HGMLP,0.05952345783480176,0
8242-PDSGJ,0.009942417825781102,0
0394-YONDK,0.0032659311517632336,0
0991-BRRFB,0.18002954542470065,0
8623-ULFNQ,0.277847795467099,0
6556-DBKZF,0.027551256409600242,0
6726-WEXXK,0.4047584723018107,0
8198-RKSZG,0.40615839481214494,0
6345-FZOQH,0.002757860851459702,0
6726-NNFWD,0.04898163819016201,0
3606-SBKRY,0.14724286463762207,0
6275-YDUVO,0.7168718479218089,1
7622-NXQZR,0.09806751077477731,0
1991-VOPLL,0.1425413288071732,0
3462-BJQQA,0.6943497155362216,1
7714-YXSMB,0.5378111728959294,1
3955-JBZZM,0.3250256018322957,0
2969-WGHQO,0.42301679259324126,0
5960-MVTUK,0.36165976710111003,0
3389-KTRXV,0.07002185605067107,0
1696-MZVAU,0.04243322965646637,0
8818-XYFCQ,0.46124353890319736,0
3627-FHKBK,0.5428866503056913,1
5795-BKOYE,0.015037490199277826,0
7495-OOKFY,0.6149332636528639,1
0067-DKWBL,0.4970977560005853,0
9944-AEXBM,0.3443883644189035,0
7274-RTAPZ,0.7479223249403988,1
2509-TFPJU,0.0029169269957913862,0
0464-WJTKO,0.002279329531551747,0
6624-JDRDS,0.21194032535621465,0
3653-NCRDJ,0.02639106273791352,0
3249-ZPQRG,0.5239573966081146,1
5087-SUURX,0.21508311145941658,0
3050-RLLXC,0.07297430114941575,0
0581-BXBUB,0.4877835867171637,0
7021-XSNYE,0.29996146468473567,0
2388-LAESQ,0.20149289944476445,0
5616-PRTNT,0.11829501614237209,0
8868-WOZGU,0.5580935978069544,1
2074-GKOWZ,0.73379948763842,1
9496-IVVRP,0.2618235005273985,0
3055-MJDSB,0.24693829244721996,0
8184-WMOFI,0.03677541434232685,0
9501-UKKNL,0.032520464544411466,0
0118-JPNOY,0.4203776223381907,0
7691-XVTZH,0.08938408092886281,0
2867-UIMSS,0.57504138576978,1
9962-BFPDU,0.22892482944673143,0
9189-JWSHV,0.5094420821995548,1
2896-TBNBE,0.14622958289468654,0
4806-DXQCE,0.19482784096231526,0
9972-VAFJJ,0.19719369141714407,0
7993-PYKOF,0.44887892816985087,0
2202-CUYXZ,0.7200147009671495,1
6016-NXBNJ,0.04503320390875661,0
4119-ZYPZY,0.1561414145843193,0
7821-DPRQE,0.17898751199409682,0
7517-LDMPS,0.5920011805747752,1
9391-DXGGG,0.16446817630979282,0
4501-EQDRN,0.5078621242085757,1
2469-DTSGX,0.11019711950313058,0
4132-KALRO,0.7691155659889645,1
9470-XCCEM,0.34651139222651967,0
4318-RAJVY,0.21316189790204237,0
9507-HSMMZ,0.007880317309469193,0
8261-GWDBQ,0.3038384265171339,0
1506-YJTYT,0.09590379348405013,0
4343-EJVQB,0.45667282919373076,0
3995-WFCSM,0.4375381056328899,0
9788-HNGUT,0.22243951872908643,0
9588-YRFHY,0.01854262225128136,0
6115-ZTBFQ,0.017348449182209857,0
6549-NNDYT,0.23120334569554024,0
3308-DGHKL,0.004725257091626323,0
7538-GWHML,0.4940688135716194,0
6215-NQCPY,0.6617356288194616,1
4727-MCYZG,0.4197967111154612,0
9224-VTYID,0.23257172625078673,0
4717-GHADL,0.14624435110961462,0
0634-SZPQA,0.49995632210240487,0
2589-AYCRP,0.010065973687410565,0
4402-FTBXC,0.10253863075672155,0
9825-YCXWZ,0.3619013335185143,0
9861-PDSZP,0.15689911134649492,0
2220-IAHLS,0.2260585294558831,0
7901-HXJVA,0.3812250281971871,0
0270-THENM,0.02022718329887542,0
9248-OJYKK,0.6756292711856866,1
7746-AWNQW,0.11520257071365075,0
7996-BPXHY,0.20373507947049696,0
2810-FTLEM,0.3001572754861551,0
9415-TPKRV,0.3246434422840746,0
3969-JQABI,0.058746672694096384,0
5003-XZWWO,0.038296138672914114,0
0376-OIWME,0.36446146746377045,0
6695-FRVEC,0.028833368010917942,0
7890-VYYWG,0.4006731643480772,0
4154-AQUGT,0.6104251522194034,1
7055-VKGDA,0.2709040855879247,0
8707-RMEZH,0.048693103579588004,0
5014-WUQMG,0.2620347729433952,0
8970-ANWXO,0.37414242049601787,0
9378-FXTIZ,0.08496983500969167,0
1977-STDKI,0.6563765628361542,1
4693-VWVBO,0.20361770551099542,0
0661-XEYAN,0.36884421364799197,0
8720-RQSBJ,0.35127796594105676,0
1682-VCOIO,0.06243749457757675,0
2454-RPBRZ,0.6723383687789474,1
7315-WYOAW,0.5609023209223996,1
0742-LAFQK,0.11873550613802478,0
4163-KIUHY,0.05602525636321368,0
6546-OPBBH,0.018616429868422355,0
1471-GIQKQ,0.38600747030764154,0
3571-DPYUH,0.16686210674393456,0
1360-XFJMR,0.19887092412926052,0
8067-NIOYM,0.09696004856433359,0
5168-MSWXT,0.7009145423505511,1
0236-HFWSV,0.6179817797672786,1
0880-FVFWF,0.1417346353342404,0
8039-ACLPL,0.018625537049941042,0
8950-MTZNV,0.48583960519112945,0
6035-BXTTY,0.1026888058584906,0
1565-RHDJD,0.5586941303157769,1
0696-UKTOX,0.16085623381019526,0
6598-KELSS,0.0409475967580134,0
2632-TACXW,0.005139638692355235,0
1744-JHKYS,0.03429906980518939,0
0578-SKVMF,0.32900865885979536,0
0670-KDOMA,0.33705591884761804,0
6103-BOCOU,0.38983292273875564,0
3301-VKTGC,0.07548483434823855,0
5277-ZLOOR,0.7140592441531507,1
2843-CQMEG,0.20942969034852124,0
3714-XPXBW,0.2500774062328159,0
1403-LKLIK,0.031332584084775635,0
2446-BEGGB,0.7376276722389771,1
9027-YFHQJ,0.2757213045058068,0
3445-HXXGF,0.027335687370975883,0
3487-EARAT,0.026725554287335675,0
3911-RSNHI,0.024284628345241296,0
7629-WIXZF,0.4842472414065867,0
5071-FBJFS,0.34684194717908473,0
9717-QEBGU,0.6283251981106561,1
9851-KIELU,0.761356348362131,1
3787-TRIAL,0.13391392117830953,0
7055-HNEOJ,0.5234551887479187,1
8780-YRMTT,0.018491695584290164,0
8981-FJGLA,0.5593231434555773,1
9512-UIBFX,0.4650190140946848,0
7328-OWMOM,0.03623778851312269,0
2514-GINMM,0.6921712102939006,1
2580-ASVVY,0.05572444798273675,0
9529-OFXHY,0.5715664952233982,1
4291-SHSBH,0.5589167184749273,1
3797-FKOGQ,0.48002332072208004,0
7206-GZCDC,0.6348525057035366,1
7033-CLAMM,0.011899794653843747,0
2977-CEBSX,0.1022010675037391,0
1624-NALOJ,0.7073296877824976,1
7677-SJJJK,0.15443053772328488,0
9360-OMDZZ,0.5167508081821864,1
8168-UQWWF,0.6896576672950131,1
3363-DTIVD,0.09038461138160153,0
8397-MVTAZ,0.44577002544663535,0
6614-VBEGU,0.32453289032828675,0
3523-QRQLL,0.35100928326424474,0
8226-BXGES,0.06627089041169378,0
9537-JALFH,0.002752939863123348,0
9282-IZGQK,0.7207728454868312,1
9885-AIBVB,0.3828054155448684,0
9681-KYGYB,0.1913882580047645,0
8128-YVJRG,0.624721022956622,1
7356-AYNJP,0.2107983839160418,0
5970-GHJAW,0.013108493358607882,0
5996-DAOQL,0.33817821474875437,0
1031-IIDEO,0.6441080578010817,1
3683-QKIUE,0.4460390705367814,0
5570-PTWEH,0.6435483489850348,1
0027-KWYKW,0.4399297540773456,0
5256-SKJGO,0.027125739622395742,0
0212-ISBBF,0.23218751669150112,0
3014-WJKSM,0.31318645771878256,0
0411-EZJZE,0.5519623266586912,1
3402-XRIUO,0.3114797789900142,0
0193-ESZXP,0.24337974456483946,0
9110-HSGTV,0.06341717012810565,0
1848-LBZHY,0.42916335769195413,0
6322-HRPFA,0.04744827924698904,0
0454-OKRCT,0.20107909398623647,0
1215-EXRMO,0.010479889364369591,0
0931-MHTEM,0.22898203924378552,0
8645-KWHJO,0.3599326849818222,0
9805-FILKB,0.02216951093728962,0
6447-EGDIV,0.03788060244003303,0
6257-DTAYD,0.13926120843475312,0
8276-MQBYC,0.2403844421569996,0
5294-DMSFH,0.40616345691021555,0
6340-DACFT,0.010487045253540625,0
8714-CTZJW,0.6759676845731863,1
4825-XJGDM,0.01268799088287636,0
9488-FYQAU,0.2240548973020275,0
4237-CLSMM,0.2167300638062493,0
2856-HYAPG,0.5012759848952056,1
5666-MBJPT,0.007870236973753008,0
5627-TVBPP,0.046134303333946865,0
9313-QOLTZ,0.05166455295922893,0
5442-BHQNG,0.4980219651824631,0
1015-JPFYW,0.162186589658265,0
5309-TAIKL,0.3796369611691277,0
8041-TMEID,0.14756691301841934,0
6865-JZNKO,0.1750595873607908,0
0117-LFRMW,0.04754412868615843,0
8707-HOEDG,0.1807629862201618,0
4143-OOBWZ,0.6566773726889621,1
1725-MIMXW,0.33258517046890296,0
4770-QAZXN,0.11299852299831357,0
0899-WZRSD,0.2499060907002871,0
7602-MVRMB,0.17436923341254199,0
0699-NDKJM,0.04948368231112267,0
2424-WVHPL,0.5391481211702158,1
3870-MQAMG,0.20852898415524834,0
2043-WVTQJ,0.42071374470078066,0
4883-KCPZJ,0.07611935247290051,0
6976-BWGLQ,0.0028195685124829156,0
6906-MPARY,0.28520650448916857,0
8118-LSUEL,0.6198659694027162,1
5949-HGVJL,0.33183578449095436,0
6217-TOWGS,0.46382338340723633,0
1755-FZQEC,0.021378286009524888,0
7593-XFKDI,0.3645398032030672,0
5117-IFGPS,0.3689353596324541,0
6860-YRJZP,0.5602712402465694,1
8993-IZEUX,0.4219504289972966,0
4102-HLENU,0.021423454553774958,0
1088-CNNKB,0.04837426009879485,0
4430-YHXGG,0.3203346452980814,0
5597-GLBUC,0.7230397166278195,1
3662-FXJFO,0.01312062003329548,0
4580-TMHJU,0.059167110180647596,0
7065-YUNRY,0.488033697807382,0
9526-BIHHD,0.2744323714873618,0
4919-IKATY,0.6765376369446868,1
0017-IUDMW,0.21555659678526914,0
6345-ULYRW,0.15914191678315812,0
7459-IMVYU,0.11794561173167516,0
3104-OWCGK,0.085032344915815,0
3148-BLQJT,0.22914636908776442,0
2815-CPTUL,0.5870513598079028,1
6986-IJDHX,0.27176301516582824,0
6188-UXBBR,0.03909304634112797,0
2724-FJDYW,0.07014451591274888,0
5243-SAOTC,0.12146697701557448,0
3298-QEICA,0.09366918781995529,0
8652-YHIYU,0.5038259789112886,1
4909-JOUPP,0.10441709204240798,0
6164-HAQTX,0.010738691161247843,0
8961-QDZZJ,0.18262664126731945,0
4293-ETKAP,0.06909562312009625,0
2669-QVCRG,0.21793673028435784,0
0980-FEXWF,0.12183723754923997,0
3411-WLRSQ,0.6417712358698436,1
1177-XZBJL,0.045474644130810205,0
5457-COLHT,0.0364913255105903,0
2252-JHJGE,0.13188824469567467,0
0661-KBKPA,0.11618955193966699,0
7641-TQFHN,0.2693615449503894,0
3926-YZVVX,0.052416040392368524,0
2072-ZVJJX,0.0037323220583673667,0
1222-KJNZD,0.03342217250566511,0
8677-HDZEE,0.25652112006723754,0
8627-ZYGSZ,0.15988654926373513,0
2495-KZNFB,0.3758245272661694,0
0207-MDKNV,0.5686679313663013,1
1346-PJWTK,0.09141436132965261,0
4312-KFRXN,0.002776826728035534,0
3863-QSTYI,0.0532657348422993,0
2604-IJPDU,0.5773535143120535,1
9053-EJUNL,0.27670784195389286,0
9614-RMGHA,0.11294351384956165,0
0048-PIHNL,0.010766058593158401,0
5555-RNPGT,0.15342835759569945,0
5399-ZIMKF,0.6165094848530867,1
8270-RKSAP,0.5331401537518488,1
8436-BJUMM,0.4001677469254283,0
2889-FPWRM,0.23033535676452857,0
5820-PTRYM,0.07673081871769107,0
8668-KNZTI,0.03185251721859569,0
2277-BKJKN,0.12083539750400973,0
5214-NLTIT,0.07919879919900838,0
5378-IKEEG,0.42861409633812286,0
0734-OXWBT,0.48743938151752036,0
7481-ATQQS,0.21743716496905044,0
0818-OCPZO,0.372344506446364,0
0021-IKXGC,0.6512651565001265,1
6736-DHUQI,0.04707583711768738,0
9725-SCPZG,0.7493389159335617,1
1976-CFOCS,0.36279777958373,0
6408-OTUBZ,0.16836186512973234,0
8203-XJZRC,0.22981189163653348,0
1196-AMORA,0.45116291984396983,0
3446-QDSZF,0.3772753769951822,0
9572-MTILT,0.23783567103583333,0
8404-VLQFB,0.18418161252651993,0
5028-GZLDO,0.5002905114062072,1
5299-SJCZT,0.7803807011649144,1
9758-MFWGD,0.016585079218062404,0
0388-EOPEX,0.6514932960536586,1
5787-KXGIY,0.0021441701156081545,0
7663-YJHSN,0.13592875107149915,0
4102-OQUPX,0.6642558037389914,1
2144-ESWKO,0.04616106437359001,0
6745-JEFZB,0.36154913396995114,0
2692-PFYTJ,0.3685521871993369,0
3021-VLNRJ,0.10643154687707142,0
1045-LTCYT,0.15769463801987754,0
4840-ORQXB,0.16321509723495703,0
2657-VPXTA,0.6461928451157333,1
6698-OXETB,0.1313412720231737,0
2305-MRGLV,0.21998722884493618,0
4521-YEEHE,0.5466715449928756,1
9084-OAYKL,0.006091083508279018,0
4482-EWFMI,0.6242923578332417,1
4847-TAJYI,0.6930937206081091,1
5278-PNYOX,0.18790826277941486,0
8468-FZTOE,0.03917294023370048,0
0847-HGRML,0.004494242978827805,0
8873-TMKGR,0.040174668050562586,0
5176-LMJXE,0.02134577805346587,0
0942-KOWSM,0.22661873230633414,0
5515-RUGKN,0.4435590446599487,0
8766-PAFNE,0.051122843110563726,0
4023-RTIQM,0.15024784054903498,0
6010-DDPPW,0.0033987057903449584,0
0925-VYDLG,0.516755874986343,1
2960-NKRSO,0.45201269608838934,0
2639-UGMAZ,0.019792728252439423,0
2898-LSJGD,0.2753645285826049,0
2884-GBPFB,0.21207067062231838,0
6127-ISGTU,0.5450950406538786,1
0867-LDTTC,0.4891587950237324,0
5481-NTDOH,0.1805332901071742,0
6518-LGAOV,0.43887522707396776,0
9620-ENEJV,0.44507928050524814,0
3778-FOAQW,0.05748904472410605,0
6907-CQGPN,0.06476392914303832,0
2990-OGYTD,0.052227863784534534,0
7107-UBYKY,0.05595985506379059,0
6648-INWPS,0.09656672415470675,0
7338-ERIVA,0.05048878778142173,0
9618-LFJRU,0.19628763012298417,0
4188-FRABG,0.23230640371638164,0
2868-MZAGQ,0.6908329845878569,1
7113-HIPFI,0.021825655003150448,0
8060-HIWJJ,0.06103217994208956,0
5956-VKDTT,0.6116729882377309,1
7923-IYJWY,0.24917169099982783,0
5222-IMUKT,0.27136853058015936,0
8234-GSZYK,0.020385070928433953,0
5047-LHVLY,0.5184477065469344,1
7267-FRMJW,0.053941671513418256,0
1751-NCDLI,0.30002640331200037,0
3387-PLKUI,0.11189502557661052,0
4779-ZGICK,0.013422237589702636,0
3858-XHYJO,0.2985288105581465,0
8058-JMEQO,0.6277942158659086,1
7009-PCARS,0.006887880558681226,0
4782-OSFXZ,0.05946822580900215,0
7377-DMMRI,0.4881896054495387,0
3729-OWRVL,0.22176648855768666,0
4377-VDHYI,0.3963864804054929,0
2967-MXRAV,0.22343534540803253,0
4957-SREEC,0.002656177314812805,0
0265-EDXBD,0.2676738850620165,0
1386-ZIKUV,0.2454228962902379,0
0420-BWTPW,0.1758120529507586,0
1009-IRMNA,0.16408155304945693,0
4648-YPBTM,0.10477690171315769,0
4234-XTNEA,0.6841046439222592,1
8495-PRWFH,0.0614890800435698,0
2791-SFVEW,0.14859376559959384,0
0980-PVMRC,0.0939811600079855,0
4039-PIMHX,0.0324663984392917,0
9348-ROUAI,0.08418091750695643,0
1576-PFZIW,0.09870205646842893,0
8937-RDTHP,0.7187483352393812,1
4831-EOBFE,0.32400114097333654,0
4312-GVYNH,0.01543497331627935,0
4973-MGTON,0.0640344766583403,0
7771-CFQRQ,0.060795397431965326,0
6732-VAILE,0.07045743622464831,0
1010-DIAUQ,0.625554934647726,1
2691-NZETQ,0.6327599248614902,1
5126-RCXYW,0.020798620885715602,0
1810-MVMAI,0.16068366890134778,0
4683-WYDOU,0.23320797758020204,0
9965-YOKZB,0.6260258989123747,1
4282-YMKNA,0.5663834258910284,1
0420-TXVSG,0.04009673326053141,0
3855-ONCAR,0.6529355848991515,1
1090-ESELR,0.0887111276410739,0
7781-EWARA,0.014429932634551787,0
8996-ZROXE,0.03945769136996649,0
1099-BTKWT,0.02186164645903303,0
7596-IIWYC,0.07857874863865225,0
0673-IGUQO,0.23070136269326302,0
0709-TVGUR,0.5596984385203013,1
8614-VGMMV,0.30563513419201327,0
5527-ACHSO,0.3806736464934801,0
5032-MIYKT,0.643244786276859,1
7463-IFMQU,0.0022542006519004083,0
0048-LUMLS,0.2220149605867036,0
9863-JZAIC,0.08842695910003183,0
6959-GQEGV,0.15652561041272367,0
7706-YLMQA,0.002534348733495583,0
3063-QFSZL,0.5512098118755867,1
5624-RYAMH,0.22363418594950993,0
9967-ATRFS,0.0789220172585025,0
3069-SSVSN,0.25562077870832384,0
5439-WIKXB,0.3157332440232618,0
6013-BHCAW,0.09191021394489728,0
8133-ANHHJ,0.2076090856046933,0
4480-QQRHC,0.5733279929119393,1
8490-BXHEO,0.4831529443656511,0
3640-JQGJG,0.20680089271077343,0
3913-RDSJZ,0.00503027246311888,0
2419-FSORS,0.15500110477685275,0
1357-BIJKI,0.253518634347441,0
5656-MJEFC,0.046754324285312725,0
1589-AGTLK,0.45784607405278677,0
9220-ZNKJI,0.09696439059183841,0
4826-XTSOH,0.7260444848005261,1
3588-WSTTJ,0.4263485348830461,0
7314-OXENN,0.6955724097871222,1
8544-JNBOX,0.004008708780510542,0
4329-YPDDQ,0.6640274415053169,1
6728-CZFEI,0.24758140677423815,0
0396-YCHWO,0.3816220578587326,0
7569-NMZYQ,0.23395549242189626,0
7641-EUYET,0.3084171320453477,0
6576-FBXOJ,0.21464112031963878,0
3836-FZSDJ,0.0031009819025941757,0
3165-HDOEW,0.4914824569471523,0
8148-NLEGT,0.01963299323702146,0
1482-OXZSY,0.4856195422789649,0
7853-WNZSY,0.3342582236920283,0
5204-HMGYF,0.19519315539142854,0
5498-IBWPI,0.019795204466481458,0
0074-HDKDG,0.2684160224076545,0
0468-YRPXN,0.48561070981850923,0
4010-YLMVT,0.26082590267912625,0
8634-CILSZ,0.15468285491757394,0
9500-IWPXQ,0.08536900010642569,0
6128-DAFVY,0.030531342348448114,0
4844-JJWUY,0.725794864118953,1
3567-PQTSO,0.2813826419096893,0
9761-XUJWD,0.559335372023377,1
9396-ZSFLL,0.20221314464307874,0
7663-ZTEGJ,0.3679870298179128,0
1777-JYQPJ,0.2354212784627454,0
2688-BHGOG,0.5961506934723355,1
4097-YODCF,0.46826386059477076,0
9025-AOMKI,0.7131159978204236,1
6652-YFFJO,0.46933253200657327,0
6861-XWTWQ,0.7334830165452079,1
6505-OZNPG,0.5280338147269749,1
7399-QHBJS,0.0171575803339281,0
9372-TXXPS,0.024828027148445685,0
2682-KEVRP,0.10629385506639005,0
4074-SJFFA,0.547171767752572,1
3372-CDXFJ,0.12948590723268052,0
3963-RYFNS,0.1949708896530396,0
4537-CIBHB,0.14670917280069282,0
6048-QBXKL,0.5440933469972409,1
8943-URTMR,0.6812410687827922,1
4735-BJKOU,0.020077347747480583,0
5602-BVFMK,0.12013724270555179,0
2256-YLYLP,0.04679109697202913,0
9375-MHRRS,0.31687720758675425,0
3721-CNEYS,0.6317126393176019,1
7435-ZNUYY,0.175825659296022,0
3258-SANFR,0.28820256638010805,0
2968-SSGAA,0.7168227395732977,1
1421-HCERK,0.5347425770215656,1
4895-TMWIR,0.1295713306297469,0
1357-MVDOZ,0.4349010188583704,0
9026-LHEVG,0.23110834344717693,0
7434-SHXLS,0.23271147251948543,0
5914-XRFQB,0.2099829135845063,0
8099-MZPUJ,0.2742126346334012,0
4849-PYRLQ,0.052614564531632865,0
4816-JBHOV,0.46906878949341946,0
1853-UDXBW,0.6392039459237516,1
4713-LZDRV,0.6834075014302324,1
8469-SNFFH,0.03285908020814968,0
1488-SYSFC,0.0627243470358452,0
6173-ITPWD,0.19176558279187306,0
7605-BDWDC,0.14651096727290383,0
5197-LQXXH,0.061265690167043585,0
7225-CBZPL,0.5988610443869743,1
9591-YVTEB,0.032082649599544745,0
8915-NNTRC,0.15974327676153882,0
7794-JASDG,0.5222053451883995,1
1498-NHTLT,0.12518814874679735,0
8375-KVTHK,0.13502298398853005,0
1895-QTKDO,0.35099211302107675,0
9750-BOOHV,0.0467349932313725,0
0354-WYROK,0.4562740493645568,0
1837-YQUCE,0.02364687242602522,0
6176-YJWAS,0.1075581844278259,0
5456-ITGIC,0.026498661247856607,0
9337-SRRNI,0.00725100293402535,0
2996-XAUVF,0.010454433588775753,0
0906-QVPMS,0.13077587764125395,0
5027-YOCXN,0.2360864762793965,0
4350-ZTLPI,0.30829451927052953,0
8865-TNMNX,0.26372795641969854,0
0308-GIQJT,0.09029881933886158,0
5373-SFODM,0.3046488758966817,0
6407-GSJNL,0.01149804385156235,0
4389-UEFCZ,0.14009938184462625,0
6023-YEBUP,0.77926253254581,1
6538-POCHL,0.2878050814843932,0
8123-QBNAZ,0.4499614655168077,0
3508-CFVZL,0.11792768373934669,0
8461-EFQYM,0.04410033755836642,0
4836-WNFNO,0.0028519293257559942,0
3512-IZIKN,0.01914755825087212,0
4929-XIHVW,0.761454995236843,1
8464-EETCQ,0.006048963397301034,0
7252-NTGSS,0.3578816929206213,0
8401-EMUWF,0.15679873901076202,0
9025-ZRPVR,0.22158107719179682,0
5628-FCGYG,0.47135680772253724,0
3804-RVTGV,0.2893253645620634,0
5734-EJKXG,0.32672295549821395,0
9658-WYUFB,0.5998911824649404,1
6097-EQISJ,0.1553943069583328,0
7055-JCGNI,0.19161102869241864,0
7558-IMLMT,0.005627200281268116,0
6583-SZVGP,0.3470359694828824,0
0851-DFJKB,0.26194793054275567,0
7665-VIGUD,0.13811071983217,0
4942-VZZOM,0.04582894318043403,0
5117-ZSMHQ,0.04836198917801327,0
8735-DCXNF,0.41703215233265106,0
7156-MXBJE,0.14942678684057317,0
2400-XIWIO,0.04820246625080002,0
9297-EONCV,0.08390471199666852,0
4445-KWOKW,0.11097499782114649,0
8550-XSXUQ,0.1190648311293074,0
7134-HBPBS,0.15592341342102586,0
8979-CAMGB,0.11231959195229489,0
9782-LGXMC,0.050601930606319616,0
2812-SFXMJ,0.22892482944673143,0
7520-HQWJU,0.042259703872424746,0
2673-CXQEU,0.1958183131057201,0
8760-ZRHKE,0.020749295315499044,0
2096-XOTMO,0.09336743045531223,0
5774-QPLTF,0.017057818963453906,0
9253-QXKBE,0.44861110097077067,0
1093-YSWCA,0.128705128696332,0
6156-UZDLF,0.43380041643044065,0
6551-ZCOTS,0.06250588879550403,0
0750-EBAIU,0.12276458665120496,0
6683-VLCTZ,0.5856373651873754,1
3721-WKIIL,0.0778542559370137,0
5816-SCGFC,0.43945067981678004,0
8364-TRMMK,0.49129271141485065,0
9732-KPKBW,0.5421933864020719,1
4654-GGUII,0.22186477100754662,0
6060-DRTNL,0.6762212256037196,1
6483-OATDN,0.42082159927766777,0
6917-IAYHD,0.29434194198036384,0
4608-LCIMN,0.2633368093865448,0
8295-FHIVV,0.24938520587682395,0
1400-MMYXY,0.7998753604145087,1
6145-NNPNO,0.3521361642074988,0
0376-YMCJC,0.4883420639629338,0
8098-LLAZX,0.7442965804594049,1
2038-LLMLM,0.3165183747114764,0
1930-QPBVZ,0.07322897587367662,0
8782-NUUOL,0.054908832630870534,0
1184-PJVDB,0.5895764903076501,1
9987-LUTYD,0.2614167592441653,0
5392-AKEMH,0.32282848842123774,0
6368-TZZDT,0.19317164635888218,0
7883-ROJOC,0.15301472157318824,0
6300-BWMJX,0.09448457700746138,0
9958-MEKUC,0.08371904070843204,0
0870-VEMYL,0.3526438321507345,0
4837-PZTIC,0.027078277405142827,0
4056-QHXHZ,0.09192885141985772,0
1468-DEFNC,0.007947019995006493,0
3874-EQOEP,0.5917680237358467,1
7765-LWVVH,0.09460903692248157,0
5377-NDTOU,0.049083353286445856,0
6374-AFWOX,0.06868611874766287,0
8231-BSWXX,0.05090412186885633,0
1963-SVUCV,0.3587471027207822,0
6474-FVJLC,0.7151473536963828,1
6549-YMFAW,0.232482558023671,0
8215-NGSPE,0.017431378790356104,0
2282-YGNOR,0.13146904892563316,0
6641-XRPSU,0.2233754994221002,0
4913-EHYUI,0.24621131553413708,0
7969-AULMZ,0.578257839241875,1
9490-DFPMD,0.23586816708692812,0
9548-LIGTA,0.08707258654785506,0
7881-INRLC,0.33690720522209583,0
0617-AQNWT,0.012698215978315252,0
0191-ZHSKZ,0.2863399142464053,0
3374-LXDEV,0.47877293045579733,0
9514-JDSKI,0.3298689050986758,0
3269-ATYWD,0.3491566959703739,0
6134-KWTBV,0.0051254218900703115,0
1494-EJZDW,0.1389270748129553,0
6075-SLNIL,0.358828806680536,0
8267-ZNYVZ,0.47913174664012054,0
1902-XBTFB,0.503247122714194,1
4640-UHDOS,0.2648278715098249,0
1394-SUIUH,0.21811325098283427,0
0531-ZZJWQ,0.09400509380749136,0
4342-HENTK,0.6302502015246052,1
7013-PSXHK,0.22923134976785478,0
9714-EDSUC,0.7398779723775263,1
2180-DXNEG,0.6608640888140662,1
6901-GOGZG,0.10753203729508311,0
8687-BAFGU,0.5347809600445027,1
4544-RXFMG,0.3700896111527325,0
3612-YUNGG,0.20685573366401994,0
0239-OXEXL,0.1264308528913005,0
5504-WSIUR,0.08687355777261986,0
5649-ANRML,0.7595786309475575,1
6137-MFAJN,0.047890728653504716,0
3026-ATZYV,0.1406520516363546,0
3519-ZKXGG,0.6499342936283669,1
7707-PYBBH,0.1382815245737228,0
7941-RCJOW,0.006006436558539544,0
2812-ENYMO,0.1358225181059902,0
7993-NQLJE,0.3582882308105872,0
8390-FESFV,0.05992112220387913,0
3166-PNEOF,0.06689976341510616,0
6158-HDPXZ,0.2532408204184121,0
7874-ECPQJ,0.29194501104971354,0
1442-OKRJE,0.17291403338615638,0
3763-GCZHZ,0.1707588528982957,0
4431-EDMIQ,0.5982382534512296,1
4359-INNWN,0.09002581823838333,0
2664-XJZNO,0.13880684593601947,0
7493-GVFIO,0.006585348072108017,0
8593-WHYHV,0.7017286197642982,1
4627-MIHJH,0.11630561550878023,0
9026-RNUJS,0.3317421454830417,0
4273-MBHYA,0.7422030960536834,1
1676-MQAOA,0.04089726993839451,0
8746-OQQRW,0.21662639030141162,0
5813-UECBU,0.32111666495003427,0
1697-BCSHV,0.06368175828354891,0
6140-QNRQQ,0.6481242088404182,1
1855-CFULU,0.19508370941285905,0
4616-EWBNJ,0.09593370370741375,0
6635-CPNUN,0.3534888295115581,0
4695-WJZUE,0.7285913312960994,1
2786-GCDPI,0.30637764121970135,0
4614-NUVZD,0.700658932766071,1
9127-QRZMH,0.10085181460059098,0
2834-JKOOW,0.19320831047321205,0
7595-EUIVN,0.5459984233602028,1
5760-WRAHC,0.3552877518664664,0
1866-RZZQS,0.35694698486848897,0
3097-NQYSN,0.7189391125191115,1
0556-FJEGU,0.04236196869823794,0
4826-DXMUP,0.22322923221357255,0
1265-ZFOSD,0.07839830836964788,0
7017-VFHAY,0.19189636270892985,0
7219-TLZHO,0.19702032075848094,0
0940-OUQEC,0.5896908996014433,1
6120-RJKLU,0.08076125178599082,0
5917-RYRMG,0.033486426532408395,0
9465-RWMXL,0.29550756550871043,0
1623-NLDOT,0.028382675942239147,0
9705-ZJBCG,0.25453904016683565,0
6896-SRVYQ,0.09659936187618597,0
8779-QRDMV,0.45272982975801773,0
7349-ALMUX,0.10552614506525465,0
5651-YLPRD,0.35049743998188915,0
1112-CUNAO,0.46404638440369034,0
3266-FTKHB,0.08833052946263764,0
5143-WMWOG,0.22848220210232967,0
1766-GKNMI,0.3822872341989977,0
0206-TBWLC,0.3423938873473607,0
1098-TDVUQ,0.3314721395116651,0
3752-CQSJI,0.18290779598156653,0
3678-MNGZX,0.002983820255532355,0
5181-OABFK,0.055088503865785315,0
3751-KTZEL,0.30195522994074675,0
1360-JYXKQ,0.2312642385083004,0
9103-CXVOK,0.22759875572817284,0
9223-UCPVT,0.6572889734513638,1
5726-CVNYA,0.2367600156753163,0
7938-OUHIO,0.7677913680192464,1
5022-JNQEQ,0.5692373866899472,1
4827-DPADN,0.05930382495780239,0
2257-BOVXD,0.4421120834271644,0
9764-REAFF,0.0051207362056324805,0
0485-ZBSLN,0.004582061193327628,0
6198-PNNSZ,0.1918650709300198,0
3209-ZPKFI,0.04314583365974094,0
4439-YRNVD,0.20038884279922825,0
9367-OIUXP,0.19685724362173965,0
7802-EFKNY,0.30273589730918044,0
0082-LDZUE,0.4817663733552814,0
8232-UTFOZ,0.0027876296655814916,0
5774-XZTQC,0.16610237290762778,0
1016-DJTSV,0.5449287284135803,1
1866-DIOQZ,0.018133560097719017,0
0259-GBZSH,0.714243805063838,1
8620-RJPZN,0.23181658681200262,0
2270-CHBFN,0.28370062895365594,0
9801-GDWGV,0.4093529843601791,0
0953-LGOVU,0.1772722148961429,0
3970-XGJDU,0.007239533302239091,0
3976-BWUCK,0.4380899329030778,0
2674-MLXMN,0.11475729519589314,0
0218-QNVAS,0.07512608684693813,0
8734-DKSTZ,0.49465461428524393,0
9242-TKFSV,0.02771612020810768,0
0895-LNKRC,0.1716095292918812,0
0013-SMEOE,0.17643977309052347,0
1571-SAVHK,0.6865327873588557,1
4484-CGXFK,0.5231118142785485,1
8740-CRYFY,0.6892228806732794,1
1154-HYWWO,0.12105745962405046,0
7009-LGECI,0.4777922014041575,0
7000-WCEVQ,0.32109248686259334,0
3831-YCPUO,0.1634649989265819,0
7750-EYXWZ,0.30406631422124647,0
0947-IDHRQ,0.6236520730909206,1
5093-FEGLU,0.012285085659339143,0
4472-VESGY,0.15090543239373325,0
7136-RVDTZ,0.013415658903976618,0
0585-EGDDA,0.2241118722733927,0
7291-CDTMJ,0.3337000732692189,0
0135-NMXAP,0.6246666812655927,1
3441-CGZJH,0.11002590938332223,0
1729-VLAZJ,0.21846723676550647,0
5564-NEMQO,0.6692734973815958,1
8650-RHRKE,0.34550433049811896,0
6900-RBKER,0.179334878652984,0
8098-TDCBU,0.02127565459213906,0
8336-TAVKX,0.028946758104751454,0
2982-IHMFT,0.6645355527010104,1
0595-ITUDF,0.12098928130117853,0
4785-QRJHC,0.09295901594022608,0
5312-TSZVC,0.10036287910292767,0
5108-ADXWO,0.5276619643462269,1
1396-QWFBJ,0.3989649738213586,0
3132-TVFDZ,0.028475415428182042,0
1839-FBNFR,0.03643213867751242,0
7299-GNVPL,0.3240578498368038,0
3865-ZFZIB,0.07829184254161906,0
1904-WAJAA,0.19666553929000677,0
4226-KKDON,0.5226615012408284,1
1187-WILMM,0.11254582300090174,0
1229-RCALF,0.26382064909601677,0
1270-XKUCC,0.03863980311248436,0
8404-FYDIB,0.42650771414339533,0
5630-IXDXV,0.34084763078593694,0
5960-WPXQM,0.6897600936476439,1
4720-VSTSI,0.22540680355284934,0
3503-TYDAY,0.12736935715187275,0
7803-XOCCZ,0.1516770276734084,0
9495-REDIY,0.1554178278628852,0
3612-YVGSJ,0.004926735078053542,0
9513-DXHDA,0.264076767887348,0
3345-JHUEO,0.2910812243528207,0
6630-UJZMY,0.6774698672592814,1
0907-HQNTS,0.20380837369226482,0
5129-HHMZC,0.15073235060314982,0
1060-ENTOF,0.1705031328854624,0
3620-EHIMZ,0.008705989438049268,0
7905-NJMXS,0.3914341148228312,0
7785-RDVIG,0.20234102365276718,0
0780-XNZFN,0.0063838499440700205,0
3426-NIYYL,0.2192731833092816,0
6904-JLBGY,0.21694910187813718,0
8706-HRADD,0.21181044903647286,0
9795-SHUHB,0.02831762711808033,0
7064-FRRSW,0.28014459635491656,0
2137-DQMEV,0.008421387673361064,0
5214-CHIWJ,0.0484102072758186,0
2758-RNWXS,0.3493760760163576,0
8008-OTEZX,0.02775989503325529,0
0247-SLUJI,0.227378270981266,0
9799-CAYJJ,0.6231198098752199,1
8263-OKETD,0.37390148743376056,0
5702-SKUOB,0.19341811985523422,0
9717-IOAAF,0.09480209949649761,0
5389-FFVKB,0.3047642413909213,0
0057-QBUQH,0.0328142506660281,0
9518-RWHZL,0.15441986480698844,0
1757-TCATG,0.028304797978731124,0
3648-GZPHF,0.0934897507169426,0
2369-FEVNO,0.3350963197988768,0
1169-WCVAK,0.5331076625535237,1
7079-QRCBC,0.5510417457361454,1
8071-SBTRN,0.18619411799880292,0
3473-XIIIT,0.6447504436466804,1
7339-POGZN,0.34894140686992997,0
9163-GHAYE,0.206762001645347,0
9327-QSDED,0.256362497690409,0
4349-GFQHK,0.4124808689354207,0
3717-OFRTN,0.22759875572817284,0
4803-AXVYP,0.3873302809268419,0
3128-YOVTD,0.13575657678951727,0
4822-LPTYJ,0.12893684851545634,0
5898-IGSLP,0.2748701281439572,0
4335-UPJSI,0.05754397820542491,0
3146-JTQHR,0.13631936758850816,0
4759-TRPLW,0.5122515092127025,1
4742-TXUEX,0.012081370612686226,0
9208-OLGAQ,0.5125763509674388,1
5565-FILXA,0.6222209148661483,1
6754-WKSHP,0.045612837793471785,0
6072-NUQCB,0.06671802222796674,0
3284-SVCRO,0.017277335863657477,0
7634-HLQJR,0.012719317210870705,0
9091-WTUUY,0.029966921589696587,0
6728-VOIFY,0.14613166564466948,0
9734-YWGEX,0.5930060112886694,1
6050-FFXES,0.09887894795814638,0
8625-AZYZY,0.5956129279373509,1
8685-WHQPW,0.3914133398000506,0
5777-ZPQNC,0.12329926824331337,0
4139-JPIAM,0.03917027647468092,0
1658-XUHBX,0.13571058536177288,0
8111-RKSPX,0.6147124568371833,1
9746-UGFAC,0.06702505736617342,0
9578-VRMNM,0.4017161429480305,0
1813-JYWTO,0.030811130878611016,0
5382-SOYZL,0.5491522415962141,1
8999-BOHSE,0.51198198751219,1
8559-CIZFV,0.30125591714068195,0
0106-UGRDO,0.23822753597563764,0
5207-PLSTK,0.5096724978362808,1
3750-CKVKH,0.6117021671649114,1
0970-ETWGE,0.7431621568439993,1
7409-KIUTL,0.6449703933485175,1
6635-MYYYZ,0.2550614748226291,0
4393-GEADV,0.13116532897910893,0
4505-EXZHB,0.4688034954972806,0
3420-YJLQT,0.5557212102428375,1
7872-BAAZR,0.008079582882092718,0
1602-IJQQE,0.5052684298600808,1
4369-HTUIF,0.666704033454824,1
5276-KQWHG,0.623488774389859,1
3694-GLTJM,0.2752587794395326,0
2903-YYTBW,0.3544293533740424,0
8327-LZKAS,0.39710569737659196,0
5318-IXUZF,0.721903468626385,1
7852-LECYP,0.5145991330612271,1
6168-YBYNP,0.27297558190477483,0
8065-BVEPF,0.15011567542187854,0
3144-KMTWZ,0.09307317060575612,0
6250-CGGUN,0.0869119513311559,0
2232-DMLXU,0.41765912889347484,0
1934-SJVJK,0.22936805934712265,0
6370-ZVHDV,0.005975774922689217,0
6891-JPYFF,0.32708258263249373,0
8695-ARGXZ,0.24864643650357912,0
0030-FNXPP,0.20466182780642914,0
5712-PTIWW,0.6823039729739827,1
9371-BITHB,0.00890416483273764,0
2057-ZBLPD,0.4909486488087993,0
6696-YDAYZ,0.0961497742903623,0
4480-MBMLB,0.46507765332573997,0
8993-PHFWD,0.227428176531824,0
1080-BWSYE,0.005077241299374951,0
7893-IXHRQ,0.23114700110534203,0
6762-NSODU,0.01326135863271028,0
6873-UDNLD,0.09952460354997375,0
5178-LMXOP,0.7688328933870789,1
3158-MOERK,0.7633743652042445,1
0979-PHULV,0.13180147766266823,0
8016-ZMGMO,0.04855639100391441,0
7131-ZQZNK,0.02552306520007767,0
5494-HECPR,0.6961664937907499,1
1608-GMEWB,0.2703474744382571,0
3985-HOYPM,0.04996131825510357,0
7746-QYVCO,0.33633202613258145,0
4115-UMJFQ,0.009334983587524864,0
9979-RGMZT,0.7057382950522634,1
2987-BJXIK,0.04197030275529591,0
0516-QREYC,0.09453532339021482,0
5301-GAUUY,0.3114253676325447,0
9680-NIAUV,0.11028498777115209,0
3550-SAHFP,0.32081377406222233,0
4709-LKHYG,0.04115550864848812,0
7426-GSWPO,0.1770341960916627,0
9950-MTGYX,0.07257035805092829,0
2667-WYLWJ,0.236235068675597,0
9644-KVCNC,0.10941442351520896,0
0519-XUZJU,0.5144455356800584,1
9646-NMHXE,0.012452156472525924,0
6619-RPLQZ,0.014527060599534925,0
0191-EQUUH,0.08331423468543081,0
5985-BEHZK,0.08700409033493561,0
6147-CBCRA,0.032027385385428875,0
8903-XEBGX,0.5357518126492985,1
9357-UJRUN,0.25360472793959515,0
1612-EOHDH,0.3578816929206213,0
8106-GWQOK,0.13595181516390398,0
0208-BPQEJ,0.11954137897001844,0
1241-FPMOF,0.008755179076034536,0
1984-FCOWB,0.17761186555711134,0
4118-CEVPF,0.5174164628564333,1
6599-RCLCJ,0.37589915912318816,0
4566-GOLUK,0.3628312588178658,0
3722-WPXTK,0.7373728510608164,1
9862-KJTYK,0.14980057719279904,0
8118-TJAFG,0.727973968881425,1
2452-KDRRH,0.1502053287336576,0
5138-WVKYJ,0.5820572523228209,1
6898-MDLZW,0.3795411075811339,0
6892-XPFPU,0.5862507862261233,1
8070-AAWZP,0.08719583283069758,0
4145-UQXUQ,0.6852513284063944,1
7379-POKDZ,0.6149790965608698,1
5639-NTUPK,0.35421146581577345,0
6692-UDPJC,0.6164779688813212,1
6897-RWMUB,0.05577468778166202,0
9589-ABEPT,0.09938696814332092,0
8082-GHXOP,0.20790365715378406,0
3486-KHMLI,0.07875416446227917,0
9231-ZJYAM,0.6522360931288054,1
4081-DYXAV,0.23773128255232884,0
9710-NJERN,0.02170398538163109,0
0289-IVARM,0.09951550821732229,0
0164-XAIRP,0.09318297786334251,0
4664-NJCMS,0.11198752909749377,0
2516-XSJKX,0.1302836100720273,0
6258-PVZWJ,0.0985974847910923,0
9347-AERRL,0.06086416056277511,0
4585-HETAI,0.625023670253309,1
6671-NGWON,0.16575326730519244,0
6036-TTFYU,0.09476795538285732,0
7359-WWYJV,0.12957711666454944,0
3902-FOIGH,0.698777112144553,1
4369-NYSCF,0.09668864984629869,0
6341-AEVKX,0.20561589989823967,0
5707-ORNDZ,0.30497385294092805,0
8705-WZCYL,0.4848994418996571,0
6575-SUVOI,0.3167047397928926,0
4573-JKNAE,0.1198075115661328,0
1139-WUOAH,0.02378723110795331,0
8659-IOOPU,0.07580344431539715,0
6258-NGCNG,0.1777187675251813,0
3806-YAZOV,0.20040014360477393,0
6464-KEXXH,0.2638747757586408,0
7663-RGWBC,0.48082672107929847,0
7129-CAKJW,0.36440020219041525,0
5536-RTPWK,0.27141975192273166,0
0559-CKHUS,0.06714135636107192,0
2004-OCQXK,0.7051130837443229,1
8075-GXIUB,0.1458268832831041,0
3768-VHXQO,0.0038288530882004154,0
4083-BFNYK,0.24188293634368008,0
9696-RMYBA,0.6488573276622257,1
1951-IEYXM,0.07750015523385421,0
0895-DQHEW,0.24707814359513625,0
3563-SVYLG,0.01878008780823303,0
9233-PSYHO,0.3167327339863325,0
2346-DJQTB,0.031775302248465795,0
8587-XYZSF,0.011223403890215445,0
4026-SKKHW,0.4888772753863151,0
1346-UFHAX,0.5466810043050004,1
3716-LRGXK,0.12349778602604239,0
4256-ZWTZI,0.46552971942548976,0
5296-BFCYD,0.022645438204934875,0
0128-MKWSG,0.10669674810346408,0
2361-FJWNO,0.034190959804253955,0
4366-CTOUZ,0.2721325155277473,0
9537-VHDTA,0.39346736701295243,0
2831-EBWRN,0.4467376072487838,0
5568-DMXZS,0.5174438111624605,1
1150-FTQGN,0.09963192815294447,0
0567-XRHCU,0.012908246127786708,0
7191-ADRGF,0.05140906051199786,0
1561-BWHIN,0.07829924136330246,0
1657-DYMBM,0.008371535740179816,0
3470-BTGQO,0.14162489769671513,0
3926-CUQZX,0.48677986870543993,0
8405-IGQFX,0.12018685980555652,0
1237-WIYYZ,0.13550568418900108,0
5493-SDRDQ,0.534826829235536,1
2592-YKDIF,0.23025632614374167,0
2974-GGUXS,0.3510875331055735,0
2188-SXWVT,0.09176170382780406,0
5914-DVBWJ,0.5197977005671028,1
2988-QRAJY,0.18098516808648013,0
8802-UNOJF,0.5879924661205785,1
9239-GZHZE,0.18874474612154515,0
4137-JOPHL,0.1916625092490253,0
2378-HTWFW,0.24438075925511782,0
0164-APGRB,0.20943685454256664,0
7691-KGKGP,0.04492264963211495,0
9142-XMYJH,0.04116310481641518,0
4952-YSOGZ,0.696066502649605,1
3070-FNFZQ,0.06232841701376197,0
2777-PHDEI,0.5599535566073489,1
2842-BCQGE,0.17063686426091057,0
3766-EJLFL,0.1915578686913923,0
2984-RGEYA,0.0027563388338978233,0
2530-ENDWQ,0.09213702513000949,0
7233-IOQNP,0.02711886566856526,0
6266-QHOJZ,0.10562797510113733,0
1897-OKVMW,0.11396741803701575,0
6267-DCFFZ,0.4021547724002894,0
5140-FOMCQ,0.26422651291971,0
9821-POOTN,0.24076719644003694,0
6543-XRMYR,0.48333981173011564,0
6457-USBER,0.6990777108542285,1
2236-HILPA,0.004529007259227968,0
0248-PGHBZ,0.1051781825855394,0
0804-XBFBV,0.1485260596569105,0
0369-ZGOVK,0.2880410461046256,0
5751-USDBL,0.11774999453760956,0
2235-ZGKPT,0.35129798074693963,0
4611-ANLQC,0.016861877610241487,0
9272-LSVYH,0.390237885150939,0
6284-KMNUF,0.19457090654111991,0
7839-NUIAA,0.02403530548439813,0
5940-NFXKV,0.487490236598871,0
1121-QSIVB,0.17971404599843277,0
4138-NAXED,0.08946674471291399,0
6078-VESFR,0.34737783616860474,0
5414-OFQCB,0.15540765957405267,0
0318-QUUOB,0.6977563992383071,1
9845-PEEKO,0.09198198862109606,0
2479-BRAMR,0.23238201129166017,0
4310-KEDTB,0.11057463455684223,0
9402-ORRAH,0.6042711153439921,1
4581-SSPWD,0.6490295679949436,1
7153-OANIO,0.5094299360328176,1
7501-VTYLJ,0.3814419977849242,0
4822-YCXMX,0.42263948711657595,0
3859-CVCET,0.3196658419095632,0
0068-FIGTF,0.24099589704126498,0
8879-ZKJOF,0.21768425737391256,0
1705-GUHPV,0.0051047269943319895,0
5177-RVZNU,0.02471266360136361,0
0835-JKADZ,0.18528000847307247,0
4365-MSDYN,0.23611229181261897,0
8180-AKMJV,0.4833327438377079,0
5171-EPLKN,0.046407591400426405,0
3062-ICYZQ,0.2060181356497647,0
4903-CNOZC,0.1814266048519366,0
8966-KZXXA,0.031197704302699386,0
1205-WNWPJ,0.48982370743214837,0
6861-OKBCE,0.13019008686292297,0
9553-DLCLU,0.4779315184885357,0
3470-OBUET,0.03019077895361986,0
2516-VQRRV,0.6585230148742659,1
4707-YNOQA,0.06030588738837901,0
4983-CLMLV,0.26052715596930304,0
2749-CTKAJ,0.06544567877033279,0
7241-AJHFS,0.2497422561981067,0
2178-PMGCJ,0.351669276992975,0
8573-JGCZW,0.14347813627847558,0
5356-KZCKT,0.012232926782263145,0
4291-HYEBC,0.1279033980531651,0
3324-OIRTO,0.13830632622870168,0
0186-CAERR,0.21938304596987473,0
6418-PIQSP,0.05240973872956007,0
3308-JSGML,0.05455466830494254,0
9057-MSWCO,0.06517705389551261,0
9565-JSNFM,0.1850364888969634,0
3230-WYKIR,0.4930622067168162,0
9871-ELEYA,0.13496496795468038,0
5364-EVNIB,0.5417706248700713,1
4184-TJFAN,0.7175617711002489,1
2230-XTUWL,0.011277774259154242,0
6821-JPCDC,0.2678036370314959,0
6603-YRDCJ,0.18244514672208428,0
7072-MBHEV,0.5607879714363605,1
8634-MPHTR,0.3078677276003422,0
2805-AUFQN,0.053417094111886616,0
4703-MQYKT,0.06872910650821341,0
6614-YWYSC,0.005849121758683649,0
0804-YGEQV,0.0316733259913557,0
1709-EJDOX,0.012403824452004747,0
2277-DJJDL,0.18342757466603377,0
8800-ZKRFW,0.5498310790741809,1
3224-DFQNQ,0.060093798796865446,0
5012-YSPJJ,0.10435240188268305,0
7225-IILWY,0.003736999332352825,0
6425-JWTDV,0.011112358656486476,0
9497-QCMMS,0.7618482644516013,1
0550-DCXLH,0.36895297788136744,0
5438-QMDDL,0.32496824826952536,0
9728-FTTVZ,0.6345616157320269,1
4486-EFAEB,0.18260945235080842,0
1084-UQCHV,0.5081756999323829,1
8495-LJDFO,0.22235691136905386,0
0112-QWPNC,0.10947749290515682,0
8225-BTJAU,0.5812601397014878,1
7688-AWMDX,0.01057371133396836,0
2862-PFNIK,0.3624421564962438,0
5939-SXWHM,0.014628725591270545,0
3481-JHUZH,0.22480027612556056,0
8205-MQUGY,0.3486401108299818,0
8242-JSVBO,0.3931266277187283,0
5899-MQZZL,0.5137966173872417,1
2603-HVKCG,0.48709343341134104,0
0909-SDHNU,0.2029774790370337,0
8372-JUXUI,0.663975939452145,1
4873-ILOLJ,0.4878891146991019,0
5204-QZXPU,0.20804286850859066,0
9955-QOPOY,0.027311050109575016,0
5968-XQIVE,0.07870135540049544,0
9743-DQKQW,0.22774829514959402,0
4749-VFKVB,0.5181344698994764,1
5542-DHSXL,0.3730982897704123,0
4750-UKWJK,0.024124241788548998,0
4043-MKDTV,0.14019832371950186,0
9904-EHEVJ,0.39158273737363214,0
1564-HJUVY,0.558807090686867,1
8318-LCNBW,0.08316831107765936,0
5172-MIGPM,0.4380690702673728,0
5380-AFSSK,0.7271206987719424,1
3061-BCKYI,0.10817209488059291,0
5357-TZHPP,0.6256417574357954,1
3404-JNXAX,0.14366545092912694,0
0295-QVKPB,0.5477828312214863,1
1764-VUUMT,0.0033599333817548077,0
8670-ERCJH,0.12060220472609914,0
3247-MHJKM,0.22958990020380224,0
9945-PSVIP,0.08367771809897848,0
2359-KLTEK,0.3174152239756334,0
8473-VUVJN,0.6600458143632227,1
6348-SNFUS,0.018894689574229528,0
1047-NNCBF,0.27392568582160837,0
9617-INGJY,0.6426687542109871,1
6621-NRZAK,0.0041303862125752384,0
3092-IGHWF,0.05425944474152854,0
0541-FITGH,0.5779829559002744,1
2203-GHNWN,0.40220193900227685,0
5846-ABOBJ,0.0029351477773670235,0
2675-DHUTR,0.1961072812857385,0
5614-DNZCE,0.05832409561794505,0
7595-EHCDL,0.08987863384809977,0
0390-DCFDQ,0.6418039329593838,1
4702-IOQDC,0.639782432761248,1
9067-YGSCA,0.00339849783138491,0
1075-BGWOH,0.6408412937129064,1
9688-YGXVR,0.24565847650020622,0
1921-KYSAY,0.15759411187699177,0
3489-VSFRD,0.0528894360087819,0
1877-HKBQX,0.4002049053525743,0
9659-ZTWSM,0.18917785918882452,0
0877-SDMBN,0.26362846332388895,0
5315-CKEQK,0.1753010899029658,0
6504-VBLFL,0.031009157171585314,0
6440-DKQGE,0.1482045833710674,0
8717-VCTXJ,0.02906890391199444,0
3707-GNWHM,0.6634158655005682,1
4919-MOAVT,0.48056127644860697,0
0219-YTZUE,0.6894589468146055,1
0929-PECLO,0.11148665204824862,0
8910-ICHIU,0.28899432555069327,0
4690-LLKUA,0.2602044891542004,0
4393-OBCRR,0.20689189787416046,0
7838-LAZFO,0.11298551380695092,0
9732-EQMWY,0.187515037642493,0
7733-UDMTP,0.04150407783066214,0
3657-COGMW,0.22165351050780832,0
5577-OTWWW,0.10122996088253743,0
0447-BEMNG,0.04895721593561554,0
4450-DLLMH,0.6349504491934964,1
5423-BHIXO,0.15843070975571236,0
2274-XUATA,0.02594399970848095,0
3320-VEOYC,0.6376880692785586,1
6650-VJONK,0.4789478299865153,0
2931-SVLTV,0.46267914024861334,0
9605-WGJVW,0.640360513933597,1
9560-BBZXK,0.03782771036617987,0
4078-SAYYN,0.7061957327529458,1
5906-DVAPM,0.09992941537884635,0
7872-RDDLZ,0.014105408443547298,0
1891-QRQSA,0.2333563925663575,0
3090-LETTY,0.43966504740944334,0
1376-HHBDV,0.1531728165294515,0
5468-BPMMO,0.012958491665413865,0
0608-JDVEC,0.010142476857317768,0
2925-MXLSX,0.25417143313789986,0
9481-IEBZY,0.1834055354715202,0
1125-SNVCK,0.02605684089454546,0
3552-CTCYF,0.19506190076931162,0
3422-GALYP,0.6797259246692378,1
5014-GSOUQ,0.11455919704127186,0
3415-TAILE,0.46887562159671003,0
5294-IMHHT,0.14207165901478475,0
7279-BUYWN,0.47799536467300924,0
9112-WSNPU,0.13722122820478408,0
4159-NAAIX,0.0975987135609642,0
8563-IIOXK,0.42427826807597646,0
0637-YLETY,0.620659460287678,1
1142-WACZW,0.2630257534731841,0
2276-YDAVZ,0.6465414182197207,1
6892-EZDTG,0.7243080766650263,1
4892-VLANZ,0.22781939123301656,0
2805-EDJPQ,0.2162750052678538,0
8739-QOTTN,0.2183831165236389,0
0431-APWVY,0.4366322196920306,0
8499-BRXTD,0.0855622602982296,0
7554-AKDQF,0.2956524323916269,0
3793-MMFUH,0.6525060483763504,1
9531-NSBMR,0.04250669171685428,0
8909-BOLNL,0.20994481971784063,0
9638-JIQYA,0.34816035622584723,0
1513-XNPPH,0.6253195063488082,1
4282-ACRXS,0.04520372882773865,0
2697-NQBPF,0.4824819190333152,0
3977-QCRSL,0.18516329932702202,0
9629-NHXFW,0.3323067368808317,0
4547-FZJWE,0.03237633068418587,0
0757-WCUUZ,0.040708817760106784,0
5018-LXQQG,0.15371251255208862,0
9101-NTIXF,0.2147752086872804,0
0930-EHUZA,0.23399641217916384,0
5039-LZRQT,0.11599313937687276,0
3590-TCXTB,0.23025632614374167,0
6773-LQTVT,0.10927295001878429,0
5201-FRKKS,0.24420511068804873,0
1023-BQXZE,0.08829707934368247,0
6999-CHVCF,0.15345325536781942,0
5198-HQAEN,0.3470329847175163,0
5539-TMZLF,0.6377559632168438,1
8755-OGKNA,0.006274372590462952,0
0742-MOABM,0.34317605932360656,0
5360-LJCNJ,0.14851673436516447,0
2729-VNVAP,0.031606533431531796,0
6791-YBNAK,0.09830104558167604,0
5351-QESIO,0.24782274700970294,0
5442-PPTJY,0.12202984578993117,0
7148-XZPHA,0.06816733199119177,0
7537-CBQUZ,0.23360905032198642,0
4030-VPZBD,0.3832700210742435,0
0774-RMNUW,0.013147809137051407,0
1965-DDBWU,0.574767147245129,1
3212-KXOCR,0.009248487253477454,0
0409-WTMPL,0.2847190590953018,0
0867-MKZVY,0.3420031763105832,0
5574-NXZIU,0.1517314014046294,0
5730-DBDSI,0.0033257304735361108,0
6295-OSINB,0.16489898130672573,0
7382-DFJTU,0.21023370294197408,0
3978-YNKDD,0.08264195538031344,0
3384-CTMSF,0.34536252873373935,0
3030-YDNRM,0.576385998603795,1
2722-JMONI,0.5146879800750183,1
6204-IEUXJ,0.5451203099732469,1
5318-YKDPV,0.2011260581035573,0
7501-IWUNG,0.07143669077860547,0
5044-XDPYX,0.011633673546128003,0
0661-WCQNQ,0.26929132633797853,0
4257-GAESD,0.29094649175544857,0
3943-KDREE,0.33497536414279294,0
8150-QUDFX,0.21671040786310897,0
2475-MROZF,0.44674000768901817,0
6877-LGWXO,0.3436475062502282,0
8894-JVDCV,0.2795380925271398,0
2495-TTHBQ,0.2937032108554668,0
7905-TVXTA,0.5525091517529319,1
3280-MRDOF,0.2576694027558489,0
2209-XADXF,0.252766590024307,0
3891-NLXJB,0.0779063662554793,0
5274-XHAKY,0.3168093240808721,0
2542-HYGIQ,0.22848220210232967,0
8898-KASCD,0.03564706687836703,0
3723-BFBGR,0.15247775064163913,0
2115-BFTIW,0.2206316100228518,0
1925-TIBLE,0.6623561593660722,1
4716-HHKQH,0.5278246265994103,1
0224-RLWWD,0.46630581791773634,0
5976-JCJRH,0.522749261034864,1
2223-GDSHL,0.21777684850414622,0
4094-NSEDU,0.5498319450413748,1
0921-OHLVP,0.3249220945656648,0
7608-RGIRO,0.008879751771933269,0
3106-ULWFW,0.6409513070341768,1
7978-DKUQH,0.34742602978815945,0
9133-AYJZG,0.5586339986287991,1
2684-EIWEO,0.29865332754468166,0
6885-PKOAM,0.042531435777791025,0
3585-YNADK,0.05480333503463373,0
3254-YRILK,0.5362302042038684,1
6050-IJRHS,0.15699860692381204,0
5175-WLYXL,0.4120745148845556,0
7014-ZZXAW,0.004969365523818971,0
4566-NECEV,0.6263146008161853,1
5937-EORGB,0.6330430338817304,1
6082-GLJIX,0.08249858894544491,0
9777-WJJPR,0.2643888326973841,0
1626-ERCMM,0.565062408925173,1
8331-ZXFOE,0.07627531884706833,0
5445-GLVOT,0.22743214830551864,0
2722-VOJQL,0.1995431283828081,0
4090-KPJIP,0.6421433293351697,1
6685-XSHHU,0.009097621588750533,0
0810-BDHAW,0.27173959634878037,0
4424-TKOPW,0.7546770611100965,1
1455-UGQVH,0.7048834440608608,1
5150-ITWWB,0.7524024782939346,1
4191-XOVOM,0.12957511908963565,0
1042-HFUCW,0.22025497317807938,0
5519-YLDGW,0.6257394451418039,1
3023-GFLBR,0.22852232185916535,0
5371-VYLSX,0.1616127454338708,0
2091-MJTFX,0.1018615327961789,0
6599-CEBNN,0.24614329922459535,0
6484-LATFU,0.0036002373930899387,0
2379-ENZGV,0.6662220230759911,1
8519-QJGJD,0.3691268074188097,0
0221-WMXNQ,0.5009771488341409,1
9206-GVPEQ,0.3699037659763511,0
6941-KXRRV,0.07895198645841449,0
9445-SZLCH,0.3920792143602821,0
2674-MIAHT,0.6622222562629286,1
3129-AAQOU,0.09244256063414852,0
0013-MHZWF,0.5245870877068755,1
8383-SGHJU,0.10995803020210071,0
9445-ZUEQE,0.39622249220647665,0
6680-NENYN,0.39392775787254203,0
0602-DDUML,0.043357119058061784,0
7767-UXAGJ,0.5203268133543125,1
3197-NNYNB,0.11089224349546567,0
5696-JVVQY,0.11296543694139402,0
6845-RGTYS,0.2825421785355457,0
7878-RTCZG,0.22826111443964275,0
9732-OUYRN,0.01043800226180221,0
6754-LZUKA,0.05532967103014058,0
5293-WXJAK,0.723110419547602,1
3195-TQDZX,0.3071626066435817,0
8182-BJDSI,0.4374523341007079,0
6007-TCTST,0.21226301081925067,0
9512-PHSMG,0.21876285288558409,0
0623-IIHUG,0.19773888172253193,0
5863-OOKCL,0.13333502210660728,0
3108-PCCGG,0.03535817330335265,0
3815-SLMEF,0.27326872814442205,0
1337-BOZWO,0.16697986233001716,0
5802-ADBRC,0.3040755150535868,0
1768-HNVGJ,0.13160236217778065,0
2823-LKABH,0.5899161580980037,1
4553-DVPZG,0.175967483792157,0
2731-GJRDG,0.549821485265072,1
5572-ZDXHY,0.46199189720457556,0
4534-WGCIR,0.007334167450924557,0
7130-VTEWQ,0.584012467374585,1
1217-VASWC,0.3424656202914863,0
9585-KKMFD,0.03189961352415381,0
8648-PFRMP,0.30645522881779946,0
5501-TVMGM,0.5502785348026551,1
1597-FZREH,0.5369350739955517,1
8258-GSTJK,0.6552733032439,1
6869-FGJJC,0.03742983254274946,0
3733-LSYCE,0.35745868366158967,0
1428-GTBJJ,0.5363320799790123,1
